{
	"preloadAssets" : ["assets/images/character.png","assets/images/characters.png","assets/images/chest_gold_big_closed_frame_0.png","assets/images/chest_gold_big_closed_frame_1.png","assets/images/chest_gold_big_opened_frame_0.png","assets/images/chest_gold_big_opened_frame_1.png","assets/images/chest_gold_closed.png","assets/images/chest_gold_closed_frame_0.png","assets/images/chest_gold_closed_frame_1.png","assets/images/chest_gold_opened.png","assets/images/chest_gold_opened_frame_0.png","assets/images/chest_gold_opened_frame_1.png","assets/images/chest_silver_big_closed_frame_0.png","assets/images/chest_silver_big_closed_frame_1.png","assets/images/chest_silver_big_opened_frame_0.png","assets/images/chest_silver_big_opened_frame_1.png","assets/images/chest_silver_closed.png","assets/images/chest_silver_closed_frame_0.png","assets/images/chest_silver_closed_frame_1.png","assets/images/chest_silver_opened.png","assets/images/chest_silver_opened_frame_0.png","assets/images/chest_silver_opened_frame_1.png","assets/images/gold_treasure_chest.png","assets/images/gold_treasure_chest_closed.png","assets/images/gold_treasure_chest_closed_2.png","assets/images/gold_treasure_chest_opened.png","assets/images/gold_treasure_chest_opened_2.png","assets/images/instruction_panel.png","assets/images/next_btn_down.png","assets/images/next_btn_normal.png","assets/images/next_btn_over.png","assets/images/opening_bubble_01_1.png","assets/images/opening_bubble_01_2.png","assets/images/opening_bubble_01_3.png","assets/images/opening_bubble_01_4.png","assets/images/prev_btn_down.png","assets/images/prev_btn_normal.png","assets/images/prev_btn_over.png","assets/images/ques_num_bg.png","assets/images/show_button_down.png","assets/images/show_button_normal.png","assets/images/show_button_over.png","assets/images/silver_treasure_chest_closed.png","assets/images/silver_treasure_chest_closed_2.png","assets/images/silver_treasure_chest_opened.png","assets/images/silver_treasure_chest_opened_2.png","assets/images/start_btn_down.png","assets/images/start_btn_normal.png","assets/images/start_btn_over.png","assets/images/treasure_chest_bg.png"],
	"templateCode" : "CH",
	"activityYear" : "AS",
	"startScreen" : { 
		"gameName" : "Treasure Chests",
		"gameTopic" : "Number bonds to 20",
		"bubbleText1" : "What is the number on the medal inside each chest? The number on the chest adds to the number on the medal to make 20.",
		"chestType" : "silver",
		"numberArr" : [5,15]
	},
	"resourceAudioPath" : "assets/audio/",
	"resourceImagePath" : "assets/images/",
	"soundArr" : ["buttonClick.mp3","chests_open.mp3","chests_close.mp3","timerEnd.mp3"],
	"activityScreen" : {
		"instructionText" : "What is the number on the medal inside each chest? The number on the chest adds to the number on the medal to make 20.",
		"questionArr" : [
			{
				"chestsArr" : [
								{"className" : "chest_silver" , "left" : 80,"top" : 15,  "diffX":90,"diffY":46},
								{"className" : "chest_silver" , "left" : 300,"top" : -10, "diffX":72,"diffY":6},
								{"className" : "chest_silver" , "left" : 530,"top" : 15, "diffX":90,"diffY":46},
								{"className" : "chest_silver" , "left" : 782,"top" : -10, "diffX":72,"diffY":6},
								{"className" : "chest_silver" , "left" : 80,"top" : 186, "diffX":90,"diffY":46},
								{"className" : "chest_silver" , "left" : 300,"top" : 162, "diffX":72,"diffY":6},
								{"className" : "chest_silver" , "left" : 530,"top" : 186, "diffX":90,"diffY":46},
								{"className" : "chest_silver" , "left" : 782,"top" : 162, "diffX":72,"diffY":6},
								{"className" : "chest_silver" , "left" : 80,"top" : 351, "diffX":90,"diffY":46},
								{"className" : "chest_silver" , "left" : 300,"top" : 328, "diffX":72,"diffY":6},
								{"className" : "chest_silver" , "left" : 530,"top" : 351, "diffX":90,"diffY":46},
								{"className" : "chest_silver" , "left" : 782,"top" : 328, "diffX":72,"diffY":6}
				],
				"num1Arr" : [5,13,3,16,7,9,12,14,2,11,19,17],
				"ansArr" : [15,7,17,4,13,11,8,6,18,9,1,3],
				"revealStatusArr" : [false,false,false,false,false,false,false,false,false,false,false,false]
			}
			
		]
	},
	"teacherNotes" : "<ul><li>Explain that the chests contain treasure, including a numbered medal. The number on the chest and the number hidden inside add up to 20. For example, if a chest has 5 on it, the medal inside has the number 15.</li><li>Ask children to write down the number on the medal inside each chest. </li><li>Click ‘Start’ to go to the activity. If you’d like to use the timer, click on the button at the top of the screen. The default time is 10 minutes, but you can change this.</li><li>When you are ready, go through the chests, clicking on each one to reveal the treasure inside.</li><li>Children mark their own answers. <em>Did anyone get them all correct?</em></li></ul>"	
}